{
    "laps": [
        90.45492553710938,
        88.97573852539062,
        89.00072479248047,
        88.95075225830078
    ],
    "min_time": 88.95075225830078,
    "total_lap_time": 357.38214111328125,
    "num_laps": 4
}
