{
    "laps": [
        100.32450103759766,
        98.39056396484375
    ],
    "min_time": 98.39056396484375,
    "total_lap_time": 198.7150650024414,
    "num_laps": 2
}
