{
    "laps": [
        91.4094009399414,
        89.77030181884766,
        89.8102798461914,
        89.72032928466797
    ],
    "min_time": 89.72032928466797,
    "total_lap_time": 360.71031188964844,
    "num_laps": 4
}
