{
    "laps": [
        90.31999969482422,
        88.55097198486328,
        88.81082916259766,
        88.59095001220703
    ],
    "min_time": 88.55097198486328,
    "total_lap_time": 356.2727508544922,
    "num_laps": 4
}
