{
    "laps": [
        90.66980743408203,
        89.18062591552734,
        89.12565612792969,
        88.95075225830078
    ],
    "min_time": 88.95075225830078,
    "total_lap_time": 357.92684173583984,
    "num_laps": 4
}
